Strain,cov
C0006A1,48.39968035119249
C0112A1,7.341333333333332
C0175A1,3.6130826956489592
