Strain,cov
C0006A1,34.18294023860575
C0112A1,4.60377358490566
C0175A1,6.229676837283517
