Strain,cov
C0006A1,21.58158182813355
C0112A1,3.6038647342995174
C0175A1,11.885789145502073
