Strain,cov
C0006A1,20.625988700564974
C0112A1,4.539166666666667
C0175A1,6.372025089605735
