Strain,cov
C0006A1,1559.3125331488527
C0112A1,2655.18711018711
C0175A1,1987.20938876652
