Strain,cov
C0059E1,39.00595238095238
C0124A1,3.7133592736705583
C0175A1,43.42242652488554
