Strain,cov
C0059E1,60.04143126177024
C0124A1,3.7541899441340782
C0175A1,30.551239627605746
