Strain,cov
C0059E1,41.29166666666666
C0124A1,9.081911262798632
C0175A1,17.50018036216723
