Strain,cov
C0059E1,28.383141762452112
C0124A1,2.745389053298658
C0175A1,14.410285285285285
