Strain,cov
C0059E1,2973.608695652174
C0124A1,1625.3198924731182
C0175A1,2460.3305555555553
