Strain,cov
C0059E1,1.2976744186046512
C0112A1,3.103545721141029
C0124A1,1.0676723286588978
C0175A1,2.9752475247524752
