Strain,cov
C0059E1,1.9601338199513383
C0112A1,6.638297872340425
C0124A1,1.4028400597907325
C0175A1,7.128787878787879
