Strain,cov
C0059E1,18.62529832935561
C0112A1,22.924019607843142
C0124A1,2.8167654285731283
C0175A1,20.743386243386247
