Strain,cov
C0059E1,5.832558139534884
C0112A1,11.20125786163522
C0124A1,1.9358974358974361
C0175A1,11.793427230046946
