Strain,cov
C0059E1,1775.5338441890167
C0112A1,3183.581267217631
C0124A1,989.18138424821
C0175A1,1685.3773148148148
